Order ID,Order Date,Product,Category,Region,City,Salesperson,Channel,Units,Unit Price,Unit Cost,Discount,Gross Sales,Discount Amount,Net Sales,Total Cost,Profit,Profit Mrgine,Month,Performance Status
ORD052,2026-09-05,Webcam,Accessories,WEST,Pune,Sara,Online,11,2800,1500,0,30800,0,30800,16500,14300,0.4642857142857143,Sep-2026,High Margine
ORD038,2026-07-08,Webcam,Accessories,SOUTH,Hyderabad,Rahul,Online,9,2800,1500,0,25200,0,25200,13500,11700,0.4642857142857143,Jul-2026,High Margine
ORD035,2026-06-23,Mouse,Accessories,NORTH,Delhi,Aman,Online,25,900,450,0,22500,0,22500,11250,11250,0.5,Jun-2026,High Margine
ORD014,2026-03-10,Webcam,Accessories,EAST,Patna,Zaid,Online,10,2800,1500,0.1,28000,2800,25200,15000,10200,0.40476190476190477,Mar-2026,High Margine
ORD060,2026-09-08,Keyboard,Accessories,SOUTH,Chennai,Rahul,Retail,12,1800,950,0,21600,0,21600,11400,10200,0.4722222222222222,Sep-2026,High Margine
ORD011,2026-02-24,Mouse,Accessories,EAST,Kolkata,Zaid,Retail,20,900,450,0,18000,0,18000,9000,9000,0.5,Feb-2026,High Margine
ORD042,2026-07-28,Headphones,Accessories,SOUTH,Bengaluru,Rahul,Online,7,3200,1800,0.05,22400,1120,21280,12600,8680,0.40789473684210525,Jul-2026,High Margine
ORD046,2026-08-17,Keyboard,Accessories,NORTH,Ludhiana,Aman,Retail,10,1800,950,0,18000,0,18000,9500,8500,0.4722222222222222,Aug-2026,High Margine
ORD026,2026-05-09,Webcam,Accessories,NORTH,Delhi,Aman,Online,8,2800,1500,0.1,22400,2240,20160,12000,8160,0.40476190476190477,May-2026,High Margine
ORD024,2026-04-29,Mouse,Accessories,SOUTH,Hyderabad,Rahul,Retail,18,900,450,0,16200,0,16200,8100,8100,0.5,Apr-2026,High Margine
ORD021,2026-04-14,Headphones,Accessories,WEST,Mumbai,Sara,Online,6,3200,1800,0.05,19200,960,18240,10800,7440,0.40789473684210525,Apr-2026,High Margine
ORD032,2026-06-08,Headphones,Accessories,EAST,Kolkata,Zaid,Online,5,3200,1800,0,16000,0,16000,9000,7000,0.4375,Jun-2026,High Margine
ORD057,2026-09-08,Headphones,Accessories,WEST,Mumbai,Sara,Corporate,6,3200,1800,0.1,19200,1920,17280,10800,6480,0.375,Sep-2026,High Margine
ORD050,2026-09-03,Mouse,Accessories,EAST,Kolkata,Zaid,Retail,16,900,450,0.05,14400,720,13680,7200,6480,0.47368421052631576,Sep-2026,High Margine
ORD006,2026-01-30,Keyboard,Accessories,SOUTH,Bengaluru,Rahul,Corporate,8,1800,950,0.05,14400,720,13680,7600,6080,0.4444444444444444,Jan-2026,High Margine
ORD029,2026-05-24,Keyboard,Accessories,SOUTH,Bengaluru,Rahul,Corporate,9,1800,950,0.1,16200,1620,14580,8550,6030,0.41358024691358025,May-2026,High Margine
ORD002,2026-01-10,Mouse,Accessories,SOUTH,Chennai,Rahul,Retail,12,900,450,0,10800,0,10800,5400,5400,0.5,Jan-2026,High Margine
ORD018,2026-03-30,Keyboard,Accessories,EAST,Kolkata,Zaid,Retail,7,1800,950,0.05,12600,630,11970,6650,5320,0.4444444444444444,Mar-2026,High Margine
ORD009,2026-02-14,Headphones,Accessories,EAST,Kolkata,Zaid,Retail,4,3200,1800,0.05,12800,640,12160,7200,4960,0.40789473684210525,Feb-2026,High Margine
ORD049,2026-09-01,Laptop,Electronics,NORTH,Chandigarh,Aman,Corporate,2,55000,44000,0,110000,0,110000,88000,22000,0.2,Sep-2026,High Margine
ORD039,2026-07-13,Monitor,Electronics,WEST,Mumbai,Sara,Corporate,5,18000,13500,0.05,90000,4500,85500,67500,18000,0.21052631578947367,Jul-2026,High Margine
ORD013,2026-03-05,Monitor,Electronics,WEST,Mumbai,Sara,Corporate,4,18000,13500,0,72000,0,72000,54000,18000,0.25,Mar-2026,High Margine
ORD044,2026-08-07,Monitor,Electronics,NORTH,Delhi,Aman,Corporate,4,18000,13500,0,72000,0,72000,54000,18000,0.25,Aug-2026,High Margine
ORD017,2026-03-25,Laptop,Electronics,NORTH,Delhi,Aman,Corporate,3,55000,44000,0.1,165000,16500,148500,132000,16500,0.1111111111111111,Mar-2026,Medium Margine
ORD001,2026-01-05,Laptop,Electronics,NORTH,Delhi,Aman,Online,2,55000,44000,0.05,110000,5500,104500,88000,16500,0.15789473684210525,Jan-2026,Medium Margine
ORD025,2026-05-04,Laptop,Electronics,WEST,Pune,Sara,Corporate,2,55000,44000,0.05,110000,5500,104500,88000,16500,0.15789473684210525,May-2026,Medium Margine
ORD059,2026-09-08,Laptop,Electronics,EAST,Kolkata,Zaid,Corporate,2,55000,44000,0.05,110000,5500,104500,88000,16500,0.15789473684210525,Sep-2026,Medium Margine
ORD027,2026-05-14,Monitor,Electronics,EAST,Patna,Zaid,Retail,3,18000,13500,0,54000,0,54000,40500,13500,0.25,May-2026,High Margine
ORD031,2026-06-03,Printer,Electronics,NORTH,Chandigarh,Aman,Corporate,4,14500,10500,0.05,58000,2900,55100,42000,13100,0.23774954627949182,Jun-2026,High Margine
ORD022,2026-04-19,Projector,Electronics,NORTH,Chandigarh,Aman,Corporate,2,30000,23500,0,60000,0,60000,47000,13000,0.21666666666666667,Apr-2026,High Margine
ORD033,2026-06-13,Laptop,Electronics,SOUTH,Chennai,Rahul,Corporate,2,55000,44000,0.1,110000,11000,99000,88000,11000,0.1111111111111111,Jun-2026,Medium Margine
ORD007,2026-02-04,Laptop,Electronics,WEST,Pune,Sara,Retail,1,55000,44000,0,55000,0,55000,44000,11000,0.2,Feb-2026,High Margine
ORD041,2026-07-23,Laptop,Electronics,EAST,Patna,Zaid,Corporate,1,55000,44000,0,55000,0,55000,44000,11000,0.2,Jul-2026,High Margine
ORD054,2026-09-06,Monitor,Electronics,EAST,Patna,Zaid,Corporate,4,18000,13500,0.1,72000,7200,64800,54000,10800,0.16666666666666666,Sep-2026,Medium Margine
ORD048,2026-08-27,Projector,Electronics,WEST,Mumbai,Sara,Online,2,30000,23500,0.05,60000,3000,57000,47000,10000,0.17543859649122806,Aug-2026,Medium Margine
ORD045,2026-08-12,Printer,Electronics,EAST,Kolkata,Zaid,Online,3,14500,10500,0.05,43500,2175,41325,31500,9825,0.23774954627949182,Aug-2026,High Margine
ORD056,2026-09-07,Printer,Electronics,SOUTH,Hyderabad,Rahul,Retail,3,14500,10500,0.05,43500,2175,41325,31500,9825,0.23774954627949182,Sep-2026,High Margine
ORD003,2026-01-15,Monitor,Electronics,WEST,Mumbai,Sara,Corporate,3,18000,13500,0.1,54000,5400,48600,40500,8100,0.16666666666666666,Jan-2026,Medium Margine
ORD005,2026-01-25,Printer,Electronics,EAST,Kolkata,Zaid,Retail,2,14500,10500,0,29000,0,29000,21000,8000,0.27586206896551724,Jan-2026,High Margine
ORD020,2026-04-09,Printer,Electronics,SOUTH,Chennai,Rahul,Corporate,3,14500,10500,0.1,43500,4350,39150,31500,7650,0.19540229885057472,Apr-2026,Medium Margine
ORD010,2026-02-19,Projector,Electronics,SOUTH,Hyderabad,Rahul,Corporate,1,30000,23500,0.1,30000,3000,27000,23500,3500,0.12962962962962962,Feb-2026,Medium Margine
ORD036,2026-06-28,Projector,Electronics,EAST,Kolkata,Zaid,Corporate,1,30000,23500,0.1,30000,3000,27000,23500,3500,0.12962962962962962,Jun-2026,Medium Margine
ORD058,2026-09-08,Router,Networking,NORTH,Chandigarh,Aman,Online,8,3500,2200,0,28000,0,28000,17600,10400,0.37142857142857144,Sep-2026,High Margine
ORD034,2026-06-18,Router,Networking,WEST,Pune,Sara,Retail,7,3500,2200,0.05,24500,1225,23275,15400,7875,0.3383458646616541,Jun-2026,High Margine
ORD019,2026-04-04,Router,Networking,NORTH,Ludhiana,Aman,Online,5,3500,2200,0,17500,0,17500,11000,6500,0.37142857142857144,Apr-2026,High Margine
ORD008,2026-02-09,Router,Networking,NORTH,Delhi,Aman,Online,6,3500,2200,0.1,21000,2100,18900,13200,5700,0.30158730158730157,Feb-2026,High Margine
ORD047,2026-08-22,Router,Networking,SOUTH,Chennai,Rahul,Corporate,6,3500,2200,0.1,21000,2100,18900,13200,5700,0.30158730158730157,Aug-2026,High Margine
ORD053,2026-09-06,SSD,Storage,NORTH,Delhi,Aman,Retail,9,5500,3600,0.05,49500,2475,47025,32400,14625,0.31100478468899523,Sep-2026,High Margine
ORD055,2026-09-07,USB Drive,Storage,NORTH,Ludhiana,Aman,Online,22,1200,650,0,26400,0,26400,14300,12100,0.4583333333333333,Sep-2026,High Margine
ORD028,2026-05-19,SSD,Storage,NORTH,Ludhiana,Aman,Online,7,5500,3600,0.05,38500,1925,36575,25200,11375,0.31100478468899523,May-2026,High Margine
ORD030,2026-05-29,USB Drive,Storage,WEST,Mumbai,Sara,Retail,20,1200,650,0,24000,0,24000,13000,11000,0.4583333333333333,May-2026,High Margine
ORD043,2026-08-02,SSD,Storage,WEST,Pune,Sara,Retail,8,5500,3600,0.1,44000,4400,39600,28800,10800,0.2727272727272727,Aug-2026,High Margine
ORD015,2026-03-15,SSD,Storage,SOUTH,Bengaluru,Rahul,Corporate,6,5500,3600,0.05,33000,1650,31350,21600,9750,0.31100478468899523,Mar-2026,High Margine
ORD016,2026-03-20,USB Drive,Storage,WEST,Pune,Sara,Retail,15,1200,650,0,18000,0,18000,9750,8250,0.4583333333333333,Mar-2026,High Margine
ORD004,2026-01-20,SSD,Storage,NORTH,Chandigarh,Aman,Online,5,5500,3600,0.05,27500,1375,26125,18000,8125,0.31100478468899523,Jan-2026,High Margine
ORD012,2026-02-28,External HDD,Storage,NORTH,Chandigarh,Aman,Online,5,6200,4300,0.05,31000,1550,29450,21500,7950,0.2699490662139219,Feb-2026,High Margine
ORD040,2026-07-18,USB Drive,Storage,NORTH,Chandigarh,Aman,Retail,18,1200,650,0.1,21600,2160,19440,11700,7740,0.39814814814814814,Jul-2026,High Margine
ORD051,2026-09-04,External HDD,Storage,SOUTH,Bengaluru,Rahul,Corporate,5,6200,4300,0.1,31000,3100,27900,21500,6400,0.22939068100358423,Sep-2026,High Margine
ORD023,2026-04-24,External HDD,Storage,EAST,Kolkata,Zaid,Retail,4,6200,4300,0.05,24800,1240,23560,17200,6360,0.2699490662139219,Apr-2026,High Margine
ORD037,2026-07-03,External HDD,Storage,NORTH,Ludhiana,Aman,Retail,4,6200,4300,0.05,24800,1240,23560,17200,6360,0.2699490662139219,Jul-2026,High Margine